郭靖,黄蓉,洪七公,黄药师,周伯通,欧阳克,梅超风,柯镇恶,裘千仞,杨康,铁木真,完颜洪烈,朱聪,穆念慈,陆冠英,彭连虎,拖雷,杨铁心,梁子翁,王处一,瑛姑,包惜弱,华筝,韩小莹,韩宝驹,侯通海,沙通天,鲁有脚,程瑶迦,尹志平,全金发,段天德,渔人,南希仁,一灯大师,灵智上人,桑昆,江南七怪,郭啸天,李萍,窝阔台,简长老,王罕,都史,张阿生,札木合,察合台,农夫,陈玄风,术赤,陆乘风,黎生,彭长老,完颜洪熙,谭处端,樵子,孙不二,简管家,裘千丈,枯木,曲三,郝大通,博尔忽,赤老温,吕文德,童子,博尔术,哑梢公,梁长老,钱青健,汤祖德,张十五,者勒米,余兆兴,吴青烈,天竺僧人,忽都虎,盖运聪,乔寨主,焦木和尚,瘦丐,胖丐,姜文,曲傻姑
72,109,6,2,1,未出现该人物,未出现该人物,未出现该人物,68,19,未出现该人物,4,1,4,未出现该人物,未出现该人物,未出现该人物,未出现该人物,未出现该人物,未出现该人物,未出现该人物,未出现该人物,未出现该人物,未出现该人物,未出现该人物,未出现该人物,未出现该人物,15,未出现该人物,未出现该人物,未出现该人物,未出现该人物,未出现该人物,未出现该人物,未出现该人物,未出现该人物,未出现该人物,未出现该人物,未出现该人物,未出现该人物,未出现该人物,47,未出现该人物,未出现该人物,未出现该人物,未出现该人物,未出现该人物,未出现该人物,未出现该人物,未出现该人物,未出现该人物,2,23,未出现该人物,未出现该人物,未出现该人物,未出现该人物,未出现该人物,24,未出现该人物,未出现该人物,未出现该人物,未出现该人物,未出现该人物,未出现该人物,未出现该人物,未出现该人物,未出现该人物,11,未出现该人物,未出现该人物,未出现该人物,未出现该人物,1,未出现该人物,未出现该人物,未出现该人物,未出现该人物,未出现该人物,未出现该人物,1,1,未出现该人物,未出现该人物
108,91,127,23,50,14,未出现该人物,未出现该人物,未出现该人物,6,未出现该人物,27,未出现该人物,1,未出现该人物,11,未出现该人物,未出现该人物,16,2,未出现该人物,未出现该人物,未出现该人物,未出现该人物,未出现该人物,5,13,未出现该人物,未出现该人物,未出现该人物,未出现该人物,未出现该人物,未出现该人物,未出现该人物,未出现该人物,37,未出现该人物,未出现该人物,未出现该人物,未出现该人物,未出现该人物,未出现该人物,未出现该人物,未出现该人物,未出现该人物,未出现该人物,未出现该人物,未出现该人物,未出现该人物,未出现该人物,1,未出现该人物,未出现该人物,未出现该人物,未出现该人物,未出现该人物,未出现该人物,未出现该人物,未出现该人物,未出现该人物,未出现该人物,未出现该人物,未出现该人物,未出现该人物,未出现该人物,未出现该人物,未出现该人物,未出现该人物,未出现该人物,未出现该人物,未出现该人物,未出现该人物,未出现该人物,未出现该人物,未出现该人物,未出现该人物,未出现该人物,未出现该人物,未出现该人物,未出现该人物,未出现该人物,未出现该人物,未出现该人物,未出现该人物
71,18,112,1,6,28,未出现该人物,未出现该人物,未出现该人物,未出现该人物,未出现该人物,未出现该人物,未出现该人物,未出现该人物,未出现该人物,未出现该人物,未出现该人物,未出现该人物,未出现该人物,1,未出现该人物,未出现该人物,未出现该人物,未出现该人物,未出现该人物,未出现该人物,1,未出现该人物,未出现该人物,未出现该人物,未出现该人物,未出现该人物,未出现该人物,未出现该人物,未出现该人物,未出现该人物,未出现该人物,未出现该人物,未出现该人物,未出现该人物,未出现该人物,未出现该人物,未出现该人物,未出现该人物,未出现该人物,未出现该人物,未出现该人物,未出现该人物,未出现该人物,未出现该人物,未出现该人物,未出现该人物,未出现该人物,未出现该人物,未出现该人物,未出现该人物,未出现该人物,未出现该人物,未出现该人物,未出现该人物,未出现该人物,未出现该人物,未出现该人物,未出现该人物,未出现该人物,未出现该人物,未出现该人物,未出现该人物,未出现该人物,未出现该人物,未出现该人物,未出现该人物,未出现该人物,未出现该人物,未出现该人物,未出现该人物,未出现该人物,未出现该人物,未出现该人物,未出现该人物,未出现该人物,未出现该人物,未出现该人物,未出现该人物
98,67,46,3,未出现该人物,75,2,2,未出现该人物,15,未出现该人物,9,7,未出现该人物,4,1,未出现该人物,1,3,未出现该人物,未出现该人物,未出现该人物,未出现该人物,2,3,1,1,未出现该人物,1,未出现该人物,1,13,未出现该人物,1,未出现该人物,未出现该人物,未出现该人物,未出现该人物,4,未出现该人物,未出现该人物,未出现该人物,未出现该人物,未出现该人物,未出现该人物,未出现该人物,未出现该人物,未出现该人物,未出现该人物,未出现该人物,7,40,未出现该人物,未出现该人物,未出现该人物,未出现该人物,2,未出现该人物,未出现该人物,2,未出现该人物,未出现该人物,未出现该人物,未出现该人物,未出现该人物,未出现该人物,未出现该人物,未出现该人物,未出现该人物,未出现该人物,未出现该人物,未出现该人物,未出现该人物,4,未出现该人物,未出现该人物,未出现该人物,未出现该人物,未出现该人物,未出现该人物,未出现该人物,未出现该人物,未出现该人物,未出现该人物
2,未出现该人物,未出现该人物,未出现该人物,未出现该人物,未出现该人物,未出现该人物,未出现该人物,未出现该人物,2,未出现该人物,未出现该人物,未出现该人物,未出现该人物,未出现该人物,未出现该人物,未出现该人物,144,未出现该人物,未出现该人物,未出现该人物,110,未出现该人物,未出现该人物,未出现该人物,未出现该人物,未出现该人物,未出现该人物,未出现该人物,未出现该人物,未出现该人物,17,未出现该人物,未出现该人物,未出现该人物,未出现该人物,未出现该人物,未出现该人物,67,4,未出现该人物,未出现该人物,未出现该人物,未出现该人物,未出现该人物,未出现该人物,未出现该人物,未出现该人物,未出现该人物,未出现该人物,未出现该人物,未出现该人物,未出现该人物,未出现该人物,未出现该人物,未出现该人物,未出现该人物,未出现该人物,未出现该人物,未出现该人物,26,未出现该人物,未出现该人物,未出现该人物,未出现该人物,未出现该人物,未出现该人物,未出现该人物,未出现该人物,未出现该人物,未出现该人物,11,未出现该人物,未出现该人物,未出现该人物,未出现该人物,未出现该人物,未出现该人物,未出现该人物,未出现该人物,未出现该人物,未出现该人物,未出现该人物,未出现该人物
1,2,未出现该人物,未出现该人物,未出现该人物,未出现该人物,未出现该人物,未出现该人物,未出现该人物,未出现该人物,未出现该人物,未出现该人物,未出现该人物,1,未出现该人物,未出现该人物,未出现该人物,1,未出现该人物,未出现该人物,未出现该人物,未出现该人物,未出现该人物,未出现该人物,未出现该人物,未出现该人物,未出现该人物,未出现该人物,未出现该人物,未出现该人物,未出现该人物,未出现该人物,未出现该人物,未出现该人物,2,未出现该人物,未出现该人物,未出现该人物,1,未出现该人物,未出现该人物,未出现该人物,未出现该人物,未出现该人物,未出现该人物,未出现该人物,未出现该人物,未出现该人物,未出现该人物,未出现该人物,未出现该人物,未出现该人物,未出现该人物,未出现该人物,未出现该人物,未出现该人物,未出现该人物,未出现该人物,未出现该人物,未出现该人物,未出现该人物,未出现该人物,未出现该人物,未出现该人物,未出现该人物,未出现该人物,未出现该人物,未出现该人物,未出现该人物,未出现该人物,未出现该人物,1,未出现该人物,未出现该人物,未出现该人物,未出现该人物,未出现该人物,未出现该人物,未出现该人物,未出现该人物,未出现该人物,未出现该人物,未出现该人物,未出现该人物
146,未出现该人物,未出现该人物,6,未出现该人物,未出现该人物,54,32,未出现该人物,1,103,18,44,未出现该人物,未出现该人物,未出现该人物,14,4,未出现该人物,2,未出现该人物,未出现该人物,34,25,13,未出现该人物,1,未出现该人物,未出现该人物,4,17,1,未出现该人物,7,未出现该人物,未出现该人物,52,2,未出现该人物,9,2,未出现该人物,28,31,4,44,6,未出现该人物,4,未出现该人物,未出现该人物,未出现该人物,未出现该人物,未出现该人物,1,未出现该人物,2,未出现该人物,未出现该人物,未出现该人物,未出现该人物,1,4,5,未出现该人物,未出现该人物,1,未出现该人物,未出现该人物,2,未出现该人物,未出现该人物,1,未出现该人物,2,未出现该人物,未出现该人物,未出现该人物,未出现该人物,未出现该人物,未出现该人物,未出现该人物,未出现该人物,未出现该人物
88,82,5,102,3,3,23,4,41,13,未出现该人物,1,12,1,未出现该人物,未出现该人物,17,1,未出现该人物,未出现该人物,未出现该人物,未出现该人物,22,4,9,未出现该人物,未出现该人物,13,未出现该人物,未出现该人物,3,未出现该人物,未出现该人物,1,未出现该人物,1,未出现该人物,未出现该人物,未出现该人物,未出现该人物,未出现该人物,未出现该人物,未出现该人物,未出现该人物,未出现该人物,未出现该人物,未出现该人物,未出现该人物,未出现该人物,未出现该人物,1,未出现该人物,未出现该人物,未出现该人物,1,未出现该人物,未出现该人物,未出现该人物,未出现该人物,未出现该人物,未出现该人物,未出现该人物,未出现该人物,未出现该人物,未出现该人物,未出现该人物,未出现该人物,未出现该人物,未出现该人物,未出现该人物,未出现该人物,未出现该人物,未出现该人物,未出现该人物,未出现该人物,未出现该人物,未出现该人物,未出现该人物,未出现该人物,未出现该人物,2,2,未出现该人物,未出现该人物
137,64,4,8,81,15,6,1,1,47,未出现该人物,37,1,28,1,未出现该人物,16,1,未出现该人物,1,未出现该人物,未出现该人物,3,未出现该人物,未出现该人物,未出现该人物,未出现该人物,未出现该人物,未出现该人物,未出现该人物,未出现该人物,未出现该人物,未出现该人物,未出现该人物,未出现该人物,未出现该人物,未出现该人物,未出现该人物,未出现该人物,未出现该人物,未出现该人物,未出现该人物,未出现该人物,未出现该人物,未出现该人物,未出现该人物,未出现该人物,未出现该人物,2,未出现该人物,1,2,未出现该人物,未出现该人物,未出现该人物,未出现该人物,未出现该人物,未出现该人物,未出现该人物,未出现该人物,未出现该人物,未出现该人物,6,未出现该人物,未出现该人物,未出现该人物,未出现该人物,未出现该人物,未出现该人物,2,未出现该人物,未出现该人物,未出现该人物,未出现该人物,5,未出现该人物,未出现该人物,未出现该人物,未出现该人物,未出现该人物,未出现该人物,未出现该人物,未出现该人物,未出现该人物
88,68,70,124,13,65,2,未出现该人物,未出现该人物,1,未出现该人物,未出现该人物,未出现该人物,1,未出现该人物,2,1,未出现该人物,2,未出现该人物,未出现该人物,未出现该人物,未出现该人物,未出现该人物,未出现该人物,未出现该人物,2,未出现该人物,未出现该人物,未出现该人物,未出现该人物,未出现该人物,未出现该人物,未出现该人物,未出现该人物,未出现该人物,未出现该人物,未出现该人物,未出现该人物,未出现该人物,未出现该人物,未出现该人物,未出现该人物,未出现该人物,未出现该人物,未出现该人物,未出现该人物,未出现该人物,未出现该人物,未出现该人物,未出现该人物,未出现该人物,未出现该人物,未出现该人物,未出现该人物,未出现该人物,未出现该人物,未出现该人物,未出现该人物,未出现该人物,未出现该人物,未出现该人物,未出现该人物,未出现该人物,未出现该人物,未出现该人物,未出现该人物,未出现该人物,未出现该人物,未出现该人物,未出现该人物,未出现该人物,未出现该人物,未出现该人物,未出现该人物,未出现该人物,未出现该人物,未出现该人物,未出现该人物,未出现该人物,未出现该人物,未出现该人物,未出现该人物,未出现该人物
88,11,4,13,132,未出现该人物,9,未出现该人物,1,未出现该人物,未出现该人物,未出现该人物,1,未出现该人物,未出现该人物,未出现该人物,2,未出现该人物,未出现该人物,未出现该人物,未出现该人物,未出现该人物,未出现该人物,1,未出现该人物,未出现该人物,未出现该人物,未出现该人物,未出现该人物,未出现该人物,未出现该人物,未出现该人物,未出现该人物,1,未出现该人物,未出现该人物,未出现该人物,未出现该人物,未出现该人物,未出现该人物,未出现该人物,未出现该人物,未出现该人物,未出现该人物,未出现该人物,未出现该人物,未出现该人物,未出现该人物,2,未出现该人物,1,未出现该人物,未出现该人物,未出现该人物,未出现该人物,未出现该人物,未出现该人物,未出现该人物,未出现该人物,未出现该人物,未出现该人物,未出现该人物,未出现该人物,未出现该人物,未出现该人物,1,未出现该人物,未出现该人物,未出现该人物,未出现该人物,未出现该人物,未出现该人物,未出现该人物,未出现该人物,未出现该人物,未出现该人物,未出现该人物,未出现该人物,未出现该人物,未出现该人物,未出现该人物,未出现该人物,未出现该人物,未出现该人物
54,22,78,107,120,17,3,未出现该人物,未出现该人物,未出现该人物,未出现该人物,未出现该人物,未出现该人物,未出现该人物,未出现该人物,未出现该人物,未出现该人物,未出现该人物,未出现该人物,未出现该人物,未出现该人物,未出现该人物,未出现该人物,未出现该人物,未出现该人物,未出现该人物,未出现该人物,未出现该人物,未出现该人物,未出现该人物,未出现该人物,未出现该人物,未出现该人物,未出现该人物,未出现该人物,未出现该人物,未出现该人物,未出现该人物,未出现该人物,未出现该人物,未出现该人物,未出现该人物,未出现该人物,未出现该人物,未出现该人物,未出现该人物,未出现该人物,未出现该人物,未出现该人物,未出现该人物,1,未出现该人物,未出现该人物,未出现该人物,未出现该人物,未出现该人物,未出现该人物,未出现该人物,未出现该人物,未出现该人物,未出现该人物,未出现该人物,未出现该人物,未出现该人物,未出现该人物,未出现该人物,未出现该人物,未出现该人物,未出现该人物,未出现该人物,未出现该人物,未出现该人物,未出现该人物,未出现该人物,未出现该人物,未出现该人物,未出现该人物,未出现该人物,未出现该人物,未出现该人物,未出现该人物,未出现该人物,未出现该人物,未出现该人物
82,98,1,未出现该人物,1,1,未出现该人物,未出现该人物,37,10,未出现该人物,2,未出现该人物,21,未出现该人物,未出现该人物,2,未出现该人物,未出现该人物,未出现该人物,35,未出现该人物,2,未出现该人物,未出现该人物,未出现该人物,未出现该人物,未出现该人物,未出现该人物,未出现该人物,未出现该人物,未出现该人物,未出现该人物,未出现该人物,6,未出现该人物,未出现该人物,未出现该人物,未出现该人物,未出现该人物,未出现该人物,未出现该人物,未出现该人物,未出现该人物,未出现该人物,未出现该人物,未出现该人物,未出现该人物,未出现该人物,未出现该人物,未出现该人物,未出现该人物,未出现该人物,未出现该人物,未出现该人物,未出现该人物,未出现该人物,未出现该人物,3,未出现该人物,未出现该人物,未出现该人物,未出现该人物,未出现该人物,未出现该人物,未出现该人物,未出现该人物,12,未出现该人物,未出现该人物,未出现该人物,未出现该人物,未出现该人物,未出现该人物,未出现该人物,未出现该人物,未出现该人物,未出现该人物,7,未出现该人物,未出现该人物,未出现该人物,未出现该人物,未出现该人物
86,45,19,3,47,未出现该人物,未出现该人物,未出现该人物,44,2,未出现该人物,2,未出现该人物,1,未出现该人物,11,1,未出现该人物,11,未出现该人物,15,未出现该人物,4,未出现该人物,未出现该人物,7,4,1,未出现该人物,未出现该人物,未出现该人物,未出现该人物,3,未出现该人物,7,5,未出现该人物,未出现该人物,未出现该人物,未出现该人物,未出现该人物,未出现该人物,未出现该人物,未出现该人物,未出现该人物,未出现该人物,未出现该人物,未出现该人物,未出现该人物,未出现该人物,未出现该人物,未出现该人物,未出现该人物,未出现该人物,未出现该人物,未出现该人物,未出现该人物,未出现该人物,未出现该人物,未出现该人物,未出现该人物,未出现该人物,未出现该人物,未出现该人物,未出现该人物,未出现该人物,未出现该人物,未出现该人物,未出现该人物,未出现该人物,未出现该人物,未出现该人物,未出现该人物,未出现该人物,未出现该人物,未出现该人物,未出现该人物,未出现该人物,未出现该人物,未出现该人物,未出现该人物,未出现该人物,未出现该人物,未出现该人物
75,80,未出现该人物,未出现该人物,未出现该人物,6,未出现该人物,未出现该人物,未出现该人物,1,未出现该人物,24,未出现该人物,6,未出现该人物,37,未出现该人物,35,32,4,未出现该人物,31,未出现该人物,未出现该人物,未出现该人物,24,28,未出现该人物,未出现该人物,未出现该人物,未出现该人物,1,未出现该人物,未出现该人物,未出现该人物,4,未出现该人物,未出现该人物,2,未出现该人物,未出现该人物,未出现该人物,未出现该人物,未出现该人物,未出现该人物,未出现该人物,未出现该人物,未出现该人物,未出现该人物,未出现该人物,未出现该人物,未出现该人物,未出现该人物,未出现该人物,未出现该人物,未出现该人物,未出现该人物,33,未出现该人物,未出现该人物,1,未出现该人物,未出现该人物,未出现该人物,未出现该人物,14,未出现该人物,未出现该人物,未出现该人物,未出现该人物,未出现该人物,未出现该人物,未出现该人物,未出现该人物,未出现该人物,未出现该人物,未出现该人物,未出现该人物,未出现该人物,未出现该人物,未出现该人物,未出现该人物,未出现该人物,未出现该人物
42,44,1,26,1,5,1,未出现该人物,未出现该人物,10,未出现该人物,26,未出现该人物,未出现该人物,94,28,未出现该人物,未出现该人物,21,1,未出现该人物,2,未出现该人物,未出现该人物,未出现该人物,56,13,未出现该人物,78,69,未出现该人物,未出现该人物,未出现该人物,未出现该人物,未出现该人物,6,未出现该人物,未出现该人物,未出现该人物,未出现该人物,未出现该人物,未出现该人物,未出现该人物,未出现该人物,未出现该人物,未出现该人物,未出现该人物,未出现该人物,未出现该人物,未出现该人物,1,1,未出现该人物,未出现该人物,未出现该人物,未出现该人物,2,未出现该人物,未出现该人物,1,未出现该人物,未出现该人物,未出现该人物,未出现该人物,未出现该人物,未出现该人物,未出现该人物,未出现该人物,未出现该人物,未出现该人物,未出现该人物,未出现该人物,未出现该人物,未出现该人物,未出现该人物,未出现该人物,未出现该人物,未出现该人物,未出现该人物,未出现该人物,未出现该人物,未出现该人物,未出现该人物,未出现该人物
101,61,未出现该人物,8,未出现该人物,22,55,28,未出现该人物,未出现该人物,未出现该人物,8,47,30,未出现该人物,82,1,38,31,27,未出现该人物,18,2,19,17,18,31,未出现该人物,未出现该人物,未出现该人物,11,未出现该人物,未出现该人物,6,未出现该人物,未出现该人物,未出现该人物,12,1,未出现该人物,未出现该人物,未出现该人物,未出现该人物,未出现该人物,5,未出现该人物,未出现该人物,未出现该人物,1,未出现该人物,未出现该人物,未出现该人物,未出现该人物,未出现该人物,未出现该人物,未出现该人物,未出现该人物,未出现该人物,未出现该人物,未出现该人物,未出现该人物,未出现该人物,未出现该人物,未出现该人物,未出现该人物,未出现该人物,未出现该人物,未出现该人物,未出现该人物,未出现该人物,1,未出现该人物,未出现该人物,未出现该人物,未出现该人物,未出现该人物,未出现该人物,未出现该人物,未出现该人物,未出现该人物,未出现该人物,未出现该人物,未出现该人物,未出现该人物
47,34,未出现该人物,9,未出现该人物,29,56,1,未出现该人物,9,未出现该人物,2,1,1,未出现该人物,15,未出现该人物,8,25,4,未出现该人物,2,未出现该人物,未出现该人物,未出现该人物,15,9,未出现该人物,未出现该人物,未出现该人物,未出现该人物,未出现该人物,未出现该人物,未出现该人物,未出现该人物,未出现该人物,未出现该人物,4,1,未出现该人物,未出现该人物,未出现该人物,未出现该人物,未出现该人物,未出现该人物,未出现该人物,未出现该人物,未出现该人物,4,未出现该人物,1,未出现该人物,未出现该人物,未出现该人物,未出现该人物,未出现该人物,未出现该人物,未出现该人物,未出现该人物,未出现该人物,未出现该人物,未出现该人物,未出现该人物,未出现该人物,未出现该人物,未出现该人物,未出现该人物,未出现该人物,未出现该人物,未出现该人物,1,未出现该人物,未出现该人物,未出现该人物,未出现该人物,未出现该人物,未出现该人物,未出现该人物,未出现该人物,未出现该人物,未出现该人物,未出现该人物,未出现该人物,未出现该人物
93,60,10,66,2,未出现该人物,135,13,54,未出现该人物,未出现该人物,未出现该人物,23,未出现该人物,15,1,未出现该人物,未出现该人物,1,1,未出现该人物,未出现该人物,未出现该人物,4,13,未出现该人物,未出现该人物,未出现该人物,未出现该人物,未出现该人物,7,未出现该人物,未出现该人物,6,未出现该人物,未出现该人物,未出现该人物,4,未出现该人物,未出现该人物,未出现该人物,未出现该人物,未出现该人物,未出现该人物,未出现该人物,未出现该人物,未出现该人物,未出现该人物,4,未出现该人物,40,未出现该人物,未出现该人物,未出现该人物,未出现该人物,未出现该人物,未出现该人物,未出现该人物,未出现该人物,2,未出现该人物,未出现该人物,未出现该人物,未出现该人物,未出现该人物,未出现该人物,未出现该人物,未出现该人物,未出现该人物,未出现该人物,未出现该人物,未出现该人物,未出现该人物,未出现该人物,未出现该人物,未出现该人物,未出现该人物,未出现该人物,未出现该人物,未出现该人物,未出现该人物,未出现该人物,未出现该人物,未出现该人物
61,未出现该人物,未出现该人物,5,未出现该人物,未出现该人物,55,70,未出现该人物,10,45,10,69,未出现该人物,未出现该人物,未出现该人物,50,4,未出现该人物,未出现该人物,未出现该人物,1,未出现该人物,68,37,未出现该人物,未出现该人物,未出现该人物,未出现该人物,未出现该人物,37,6,未出现该人物,21,未出现该人物,未出现该人物,26,12,未出现该人物,5,2,未出现该人物,18,18,33,5,未出现该人物,未出现该人物,45,未出现该人物,未出现该人物,未出现该人物,未出现该人物,11,未出现该人物,2,未出现该人物,未出现该人物,未出现该人物,未出现该人物,未出现该人物,未出现该人物,2,3,未出现该人物,未出现该人物,未出现该人物,未出现该人物,未出现该人物,未出现该人物,未出现该人物,未出现该人物,2,未出现该人物,未出现该人物,未出现该人物,未出现该人物,未出现该人物,未出现该人物,未出现该人物,未出现该人物,未出现该人物,未出现该人物,未出现该人物
63,102,3,8,11,1,未出现该人物,未出现该人物,未出现该人物,4,未出现该人物,未出现该人物,未出现该人物,13,未出现该人物,未出现该人物,未出现该人物,未出现该人物,未出现该人物,2,96,未出现该人物,未出现该人物,未出现该人物,未出现该人物,未出现该人物,1,未出现该人物,未出现该人物,未出现该人物,未出现该人物,未出现该人物,12,未出现该人物,28,未出现该人物,未出现该人物,未出现该人物,未出现该人物,未出现该人物,未出现该人物,未出现该人物,未出现该人物,未出现该人物,未出现该人物,未出现该人物,未出现该人物,22,未出现该人物,未出现该人物,未出现该人物,未出现该人物,未出现该人物,未出现该人物,未出现该人物,10,未出现该人物,未出现该人物,未出现该人物,未出现该人物,未出现该人物,未出现该人物,未出现该人物,未出现该人物,未出现该人物,未出现该人物,未出现该人物,3,未出现该人物,未出现该人物,未出现该人物,未出现该人物,未出现该人物,未出现该人物,未出现该人物,5,未出现该人物,未出现该人物,未出现该人物,未出现该人物,未出现该人物,未出现该人物,未出现该人物,未出现该人物
83,128,1,6,3,1,1,未出现该人物,6,未出现该人物,未出现该人物,未出现该人物,未出现该人物,未出现该人物,未出现该人物,未出现该人物,未出现该人物,未出现该人物,未出现该人物,未出现该人物,10,未出现该人物,1,未出现该人物,未出现该人物,未出现该人物,未出现该人物,未出现该人物,未出现该人物,未出现该人物,未出现该人物,未出现该人物,17,未出现该人物,50,未出现该人物,未出现该人物,未出现该人物,未出现该人物,未出现该人物,未出现该人物,未出现该人物,未出现该人物,未出现该人物,未出现该人物,未出现该人物,未出现该人物,25,1,未出现该人物,3,未出现该人物,未出现该人物,未出现该人物,未出现该人物,9,未出现该人物,未出现该人物,1,未出现该人物,未出现该人物,未出现该人物,未出现该人物,未出现该人物,未出现该人物,2,未出现该人物,未出现该人物,未出现该人物,未出现该人物,未出现该人物,未出现该人物,未出现该人物,未出现该人物,未出现该人物,3,未出现该人物,未出现该人物,未出现该人物,未出现该人物,未出现该人物,未出现该人物,未出现该人物,未出现该人物
未出现该人物,未出现该人物,未出现该人物,未出现该人物,1,未出现该人物,未出现该人物,未出现该人物,未出现该人物,未出现该人物,未出现该人物,未出现该人物,未出现该人物,未出现该人物,未出现该人物,未出现该人物,未出现该人物,未出现该人物,未出现该人物,5,未出现该人物,未出现该人物,未出现该人物,未出现该人物,未出现该人物,未出现该人物,未出现该人物,未出现该人物,未出现该人物,2,未出现该人物,未出现该人物,未出现该人物,未出现该人物,未出现该人物,未出现该人物,未出现该人物,未出现该人物,未出现该人物,未出现该人物,未出现该人物,未出现该人物,未出现该人物,未出现该人物,未出现该人物,未出现该人物,1,未出现该人物,未出现该人物,未出现该人物,未出现该人物,未出现该人物,未出现该人物,未出现该人物,6,未出现该人物,1,未出现该人物,未出现该人物,未出现该人物,未出现该人物,3,未出现该人物,未出现该人物,未出现该人物,未出现该人物,未出现该人物,未出现该人物,未出现该人物,未出现该人物,未出现该人物,未出现该人物,未出现该人物,未出现该人物,未出现该人物,未出现该人物,未出现该人物,未出现该人物,未出现该人物,未出现该人物,未出现该人物,未出现该人物,未出现该人物,未出现该人物
120,28,未出现该人物,未出现该人物,未出现该人物,未出现该人物,未出现该人物,16,未出现该人物,未出现该人物,2,未出现该人物,19,未出现该人物,未出现该人物,18,3,未出现该人物,4,13,未出现该人物,未出现该人物,2,7,9,25,1,未出现该人物,未出现该人物,未出现该人物,2,未出现该人物,未出现该人物,5,未出现该人物,6,未出现该人物,4,未出现该人物,未出现该人物,未出现该人物,未出现该人物,未出现该人物,1,1,未出现该人物,未出现该人物,未出现该人物,未出现该人物,未出现该人物,未出现该人物,未出现该人物,未出现该人物,未出现该人物,未出现该人物,未出现该人物,未出现该人物,未出现该人物,未出现该人物,未出现该人物,未出现该人物,未出现该人物,未出现该人物,未出现该人物,未出现该人物,未出现该人物,未出现该人物,未出现该人物,未出现该人物,8,未出现该人物,未出现该人物,未出现该人物,未出现该人物,2,未出现该人物,未出现该人物,未出现该人物,未出现该人物,未出现该人物,未出现该人物,未出现该人物,未出现该人物,未出现该人物
86,31,未出现该人物,未出现该人物,未出现该人物,8,1,未出现该人物,未出现该人物,未出现该人物,未出现该人物,7,未出现该人物,2,未出现该人物,9,未出现该人物,未出现该人物,9,108,未出现该人物,未出现该人物,未出现该人物,未出现该人物,未出现该人物,16,24,未出现该人物,未出现该人物,2,未出现该人物,未出现该人物,未出现该人物,未出现该人物,未出现该人物,11,未出现该人物,4,未出现该人物,未出现该人物,未出现该人物,未出现该人物,未出现该人物,未出现该人物,未出现该人物,未出现该人物,未出现该人物,未出现该人物,未出现该人物,未出现该人物,未出现该人物,未出现该人物,未出现该人物,未出现该人物,未出现该人物,未出现该人物,未出现该人物,未出现该人物,未出现该人物,未出现该人物,未出现该人物,未出现该人物,未出现该人物,未出现该人物,未出现该人物,未出现该人物,未出现该人物,未出现该人物,未出现该人物,2,12,未出现该人物,未出现该人物,未出现该人物,未出现该人物,未出现该人物,未出现该人物,未出现该人物,未出现该人物,未出现该人物,未出现该人物,未出现该人物,未出现该人物,未出现该人物
44,未出现该人物,未出现该人物,未出现该人物,未出现该人物,未出现该人物,未出现该人物,16,未出现该人物,未出现该人物,130,16,8,未出现该人物,未出现该人物,未出现该人物,10,1,未出现该人物,未出现该人物,未出现该人物,未出现该人物,未出现该人物,10,15,未出现该人物,未出现该人物,未出现该人物,未出现该人物,未出现该人物,5,28,未出现该人物,1,未出现该人物,未出现该人物,3,14,2,23,12,未出现该人物,15,未出现该人物,3,19,7,未出现该人物,未出现该人物,未出现该人物,未出现该人物,未出现该人物,未出现该人物,26,未出现该人物,未出现该人物,未出现该人物,未出现该人物,未出现该人物,1,未出现该人物,未出现该人物,3,5,未出现该人物,未出现该人物,6,未出现该人物,未出现该人物,未出现该人物,未出现该人物,未出现该人物,9,未出现该人物,未出现该人物,未出现该人物,8,未出现该人物,未出现该人物,未出现该人物,未出现该人物,未出现该人物,未出现该人物,未出现该人物
67,38,26,8,1,2,1,未出现该人物,45,77,未出现该人物,2,2,未出现该人物,1,未出现该人物,未出现该人物,未出现该人物,未出现该人物,2,未出现该人物,未出现该人物,1,未出现该人物,1,未出现该人物,未出现该人物,45,2,1,未出现该人物,未出现该人物,未出现该人物,未出现该人物,未出现该人物,未出现该人物,未出现该人物,未出现该人物,未出现该人物,未出现该人物,未出现该人物,24,未出现该人物,未出现该人物,未出现该人物,未出现该人物,未出现该人物,未出现该人物,未出现该人物,未出现该人物,未出现该人物,9,16,未出现该人物,未出现该人物,未出现该人物,未出现该人物,未出现该人物,未出现该人物,未出现该人物,未出现该人物,未出现该人物,未出现该人物,未出现该人物,未出现该人物,未出现该人物,未出现该人物,未出现该人物,3,未出现该人物,未出现该人物,未出现该人物,未出现该人物,6,未出现该人物,未出现该人物,未出现该人物,未出现该人物,未出现该人物,未出现该人物,未出现该人物,未出现该人物,未出现该人物,1
92,137,30,1,59,未出现该人物,1,未出现该人物,未出现该人物,19,未出现该人物,35,未出现该人物,未出现该人物,未出现该人物,9,未出现该人物,未出现该人物,9,未出现该人物,未出现该人物,未出现该人物,未出现该人物,未出现该人物,未出现该人物,6,10,未出现该人物,未出现该人物,未出现该人物,未出现该人物,未出现该人物,未出现该人物,未出现该人物,未出现该人物,11,未出现该人物,未出现该人物,未出现该人物,未出现该人物,未出现该人物,未出现该人物,未出现该人物,未出现该人物,未出现该人物,未出现该人物,未出现该人物,未出现该人物,未出现该人物,未出现该人物,未出现该人物,未出现该人物,未出现该人物,未出现该人物,未出现该人物,未出现该人物,未出现该人物,未出现该人物,未出现该人物,未出现该人物,未出现该人物,未出现该人物,未出现该人物,未出现该人物,未出现该人物,未出现该人物,未出现该人物,未出现该人物,未出现该人物,未出现该人物,未出现该人物,未出现该人物,未出现该人物,未出现该人物,未出现该人物,未出现该人物,未出现该人物,未出现该人物,未出现该人物,未出现该人物,未出现该人物,未出现该人物,未出现该人物,未出现该人物
1,未出现该人物,未出现该人物,未出现该人物,未出现该人物,未出现该人物,未出现该人物,未出现该人物,未出现该人物,未出现该人物,30,未出现该人物,未出现该人物,未出现该人物,未出现该人物,未出现该人物,32,未出现该人物,未出现该人物,未出现该人物,未出现该人物,未出现该人物,未出现该人物,未出现该人物,未出现该人物,未出现该人物,未出现该人物,未出现该人物,未出现该人物,未出现该人物,未出现该人物,未出现该人物,未出现该人物,未出现该人物,未出现该人物,未出现该人物,未出现该人物,未出现该人物,未出现该人物,未出现该人物,49,未出现该人物,4,未出现该人物,未出现该人物,1,38,未出现该人物,未出现该人物,33,未出现该人物,未出现该人物,未出现该人物,未出现该人物,未出现该人物,未出现该人物,未出现该人物,未出现该人物,未出现该人物,未出现该人物,未出现该人物,未出现该人物,未出现该人物,2,1,未出现该人物,6,未出现该人物,未出现该人物,未出现该人物,未出现该人物,未出现该人物,未出现该人物,未出现该人物,未出现该人物,未出现该人物,未出现该人物,未出现该人物,未出现该人物,未出现该人物,未出现该人物,未出现该人物,未出现该人物,未出现该人物
78,94,2,2,2,22,27,未出现该人物,40,未出现该人物,未出现该人物,未出现该人物,未出现该人物,64,96,未出现该人物,未出现该人物,未出现该人物,未出现该人物,未出现该人物,未出现该人物,未出现该人物,未出现该人物,未出现该人物,未出现该人物,未出现该人物,1,未出现该人物,未出现该人物,未出现该人物,未出现该人物,未出现该人物,25,未出现该人物,未出现该人物,未出现该人物,未出现该人物,1,未出现该人物,未出现该人物,未出现该人物,未出现该人物,未出现该人物,未出现该人物,未出现该人物,未出现该人物,未出现该人物,未出现该人物,1,未出现该人物,未出现该人物,未出现该人物,未出现该人物,未出现该人物,未出现该人物,未出现该人物,未出现该人物,未出现该人物,未出现该人物,3,未出现该人物,未出现该人物,未出现该人物,未出现该人物,未出现该人物,未出现该人物,未出现该人物,未出现该人物,未出现该人物,未出现该人物,未出现该人物,未出现该人物,未出现该人物,未出现该人物,未出现该人物,未出现该人物,未出现该人物,未出现该人物,未出现该人物,未出现该人物,未出现该人物,未出现该人物,未出现该人物,未出现该人物
36,42,34,未出现该人物,23,2,1,27,未出现该人物,2,未出现该人物,2,未出现该人物,未出现该人物,未出现该人物,15,未出现该人物,未出现该人物,11,未出现该人物,8,未出现该人物,未出现该人物,未出现该人物,未出现该人物,2,5,1,未出现该人物,未出现该人物,未出现该人物,未出现该人物,未出现该人物,未出现该人物,3,11,未出现该人物,1,未出现该人物,未出现该人物,未出现该人物,未出现该人物,未出现该人物,未出现该人物,未出现该人物,未出现该人物,未出现该人物,未出现该人物,未出现该人物,未出现该人物,未出现该人物,未出现该人物,未出现该人物,未出现该人物,未出现该人物,未出现该人物,未出现该人物,未出现该人物,未出现该人物,未出现该人物,未出现该人物,未出现该人物,未出现该人物,未出现该人物,未出现该人物,未出现该人物,未出现该人物,未出现该人物,未出现该人物,未出现该人物,未出现该人物,未出现该人物,未出现该人物,未出现该人物,未出现该人物,未出现该人物,未出现该人物,未出现该人物,未出现该人物,未出现该人物,未出现该人物,未出现该人物,未出现该人物,未出现该人物
126,60,30,129,2,未出现该人物,2,35,未出现该人物,4,未出现该人物,未出现该人物,13,未出现该人物,未出现该人物,2,未出现该人物,未出现该人物,未出现该人物,13,未出现该人物,未出现该人物,1,9,10,未出现该人物,2,未出现该人物,未出现该人物,13,8,未出现该人物,未出现该人物,21,未出现该人物,未出现该人物,未出现该人物,4,未出现该人物,未出现该人物,未出现该人物,未出现该人物,未出现该人物,未出现该人物,未出现该人物,未出现该人物,未出现该人物,未出现该人物,未出现该人物,未出现该人物,未出现该人物,未出现该人物,未出现该人物,未出现该人物,5,未出现该人物,8,未出现该人物,1,未出现该人物,未出现该人物,7,未出现该人物,未出现该人物,未出现该人物,未出现该人物,未出现该人物,未出现该人物,未出现该人物,未出现该人物,未出现该人物,未出现该人物,未出现该人物,未出现该人物,未出现该人物,未出现该人物,未出现该人物,未出现该人物,未出现该人物,未出现该人物,未出现该人物,未出现该人物,未出现该人物,未出现该人物
109,106,10,2,未出现该人物,未出现该人物,未出现该人物,未出现该人物,8,未出现该人物,未出现该人物,未出现该人物,1,未出现该人物,未出现该人物,未出现该人物,未出现该人物,未出现该人物,未出现该人物,未出现该人物,44,未出现该人物,未出现该人物,未出现该人物,未出现该人物,未出现该人物,未出现该人物,未出现该人物,未出现该人物,未出现该人物,未出现该人物,未出现该人物,55,未出现该人物,未出现该人物,未出现该人物,未出现该人物,未出现该人物,未出现该人物,未出现该人物,未出现该人物,未出现该人物,未出现该人物,未出现该人物,未出现该人物,未出现该人物,未出现该人物,22,未出现该人物,未出现该人物,1,未出现该人物,未出现该人物,未出现该人物,未出现该人物,11,未出现该人物,未出现该人物,未出现该人物,未出现该人物,未出现该人物,未出现该人物,未出现该人物,未出现该人物,未出现该人物,未出现该人物,未出现该人物,未出现该人物,未出现该人物,未出现该人物,未出现该人物,未出现该人物,未出现该人物,未出现该人物,未出现该人物,未出现该人物,未出现该人物,未出现该人物,未出现该人物,未出现该人物,未出现该人物,未出现该人物,未出现该人物,未出现该人物
未出现该人物,未出现该人物,未出现该人物,未出现该人物,未出现该人物,未出现该人物,未出现该人物,43,未出现该人物,未出现该人物,未出现该人物,49,37,未出现该人物,未出现该人物,未出现该人物,未出现该人物,3,未出现该人物,未出现该人物,未出现该人物,24,未出现该人物,16,21,未出现该人物,未出现该人物,未出现该人物,未出现该人物,未出现该人物,16,54,未出现该人物,15,未出现该人物,未出现该人物,未出现该人物,20,6,11,未出现该人物,未出现该人物,未出现该人物,未出现该人物,21,未出现该人物,未出现该人物,未出现该人物,未出现该人物,未出现该人物,未出现该人物,未出现该人物,未出现该人物,未出现该人物,未出现该人物,3,未出现该人物,未出现该人物,未出现该人物,21,未出现该人物,未出现该人物,未出现该人物,未出现该人物,未出现该人物,未出现该人物,未出现该人物,未出现该人物,未出现该人物,未出现该人物,未出现该人物,未出现该人物,未出现该人物,未出现该人物,未出现该人物,未出现该人物,未出现该人物,8,未出现该人物,7,未出现该人物,未出现该人物,2,未出现该人物
75,177,110,5,2,106,未出现该人物,未出现该人物,未出现该人物,未出现该人物,未出现该人物,未出现该人物,未出现该人物,1,未出现该人物,未出现该人物,未出现该人物,未出现该人物,未出现该人物,未出现该人物,未出现该人物,未出现该人物,未出现该人物,未出现该人物,未出现该人物,未出现该人物,未出现该人物,未出现该人物,未出现该人物,未出现该人物,未出现该人物,未出现该人物,未出现该人物,未出现该人物,未出现该人物,未出现该人物,未出现该人物,未出现该人物,未出现该人物,未出现该人物,未出现该人物,未出现该人物,未出现该人物,未出现该人物,未出现该人物,未出现该人物,未出现该人物,未出现该人物,未出现该人物,未出现该人物,未出现该人物,1,未出现该人物,未出现该人物,未出现该人物,未出现该人物,未出现该人物,未出现该人物,未出现该人物,未出现该人物,未出现该人物,未出现该人物,未出现该人物,未出现该人物,未出现该人物,未出现该人物,未出现该人物,未出现该人物,未出现该人物,未出现该人物,未出现该人物,未出现该人物,未出现该人物,未出现该人物,未出现该人物,未出现该人物,未出现该人物,未出现该人物,未出现该人物,未出现该人物,未出现该人物,未出现该人物,未出现该人物,未出现该人物
111,85,83,54,3,4,未出现该人物,1,未出现该人物,4,未出现该人物,1,未出现该人物,15,未出现该人物,1,22,未出现该人物,未出现该人物,未出现该人物,未出现该人物,未出现该人物,2,未出现该人物,未出现该人物,未出现该人物,1,1,未出现该人物,未出现该人物,未出现该人物,未出现该人物,未出现该人物,未出现该人物,未出现该人物,1,未出现该人物,未出现该人物,未出现该人物,未出现该人物,未出现该人物,未出现该人物,未出现该人物,未出现该人物,未出现该人物,2,未出现该人物,未出现该人物,未出现该人物,未出现该人物,未出现该人物,未出现该人物,10,未出现该人物,未出现该人物,未出现该人物,未出现该人物,未出现该人物,未出现该人物,未出现该人物,未出现该人物,未出现该人物,未出现该人物,未出现该人物,17,未出现该人物,未出现该人物,未出现该人物,未出现该人物,未出现该人物,未出现该人物,未出现该人物,未出现该人物,未出现该人物,未出现该人物,未出现该人物,未出现该人物,未出现该人物,未出现该人物,未出现该人物,未出现该人物,未出现该人物,未出现该人物,未出现该人物
126,19,2,1,49,未出现该人物,未出现该人物,未出现该人物,26,1,未出现该人物,未出现该人物,未出现该人物,未出现该人物,未出现该人物,未出现该人物,17,未出现该人物,未出现该人物,未出现该人物,未出现该人物,未出现该人物,10,未出现该人物,未出现该人物,未出现该人物,未出现该人物,2,未出现该人物,1,未出现该人物,未出现该人物,未出现该人物,未出现该人物,1,未出现该人物,未出现该人物,未出现该人物,未出现该人物,25,8,未出现该人物,未出现该人物,未出现该人物,未出现该人物,未出现该人物,1,未出现该人物,未出现该人物,未出现该人物,未出现该人物,未出现该人物,未出现该人物,未出现该人物,未出现该人物,未出现该人物,未出现该人物,未出现该人物,未出现该人物,未出现该人物,未出现该人物,未出现该人物,2,7,未出现该人物,未出现该人物,未出现该人物,未出现该人物,未出现该人物,未出现该人物,未出现该人物,未出现该人物,未出现该人物,未出现该人物,未出现该人物,未出现该人物,未出现该人物,未出现该人物,未出现该人物,未出现该人物,未出现该人物,未出现该人物,未出现该人物,未出现该人物
104,171,204,8,3,15,1,未出现该人物,未出现该人物,未出现该人物,未出现该人物,未出现该人物,未出现该人物,82,未出现该人物,1,未出现该人物,3,39,1,未出现该人物,1,未出现该人物,未出现该人物,未出现该人物,未出现该人物,2,未出现该人物,未出现该人物,未出现该人物,未出现该人物,未出现该人物,未出现该人物,1,未出现该人物,未出现该人物,未出现该人物,未出现该人物,未出现该人物,未出现该人物,未出现该人物,未出现该人物,未出现该人物,未出现该人物,未出现该人物,未出现该人物,未出现该人物,未出现该人物,1,未出现该人物,未出现该人物,未出现该人物,未出现该人物,未出现该人物,未出现该人物,未出现该人物,未出现该人物,未出现该人物,未出现该人物,未出现该人物,未出现该人物,未出现该人物,未出现该人物,未出现该人物,未出现该人物,未出现该人物,未出现该人物,未出现该人物,未出现该人物,未出现该人物,未出现该人物,未出现该人物,未出现该人物,未出现该人物,未出现该人物,未出现该人物,未出现该人物,未出现该人物,未出现该人物,未出现该人物,未出现该人物,未出现该人物,未出现该人物,未出现该人物
62,49,7,97,12,52,39,1,14,71,未出现该人物,5,未出现该人物,47,51,1,20,5,未出现该人物,21,未出现该人物,未出现该人物,14,未出现该人物,未出现该人物,1,未出现该人物,未出现该人物,58,23,未出现该人物,2,未出现该人物,未出现该人物,未出现该人物,未出现该人物,未出现该人物,未出现该人物,未出现该人物,未出现该人物,未出现该人物,1,未出现该人物,未出现该人物,未出现该人物,未出现该人物,未出现该人物,未出现该人物,未出现该人物,未出现该人物,未出现该人物,未出现该人物,未出现该人物,未出现该人物,22,未出现该人物,17,未出现该人物,未出现该人物,未出现该人物,未出现该人物,12,未出现该人物,未出现该人物,未出现该人物,未出现该人物,1,未出现该人物,未出现该人物,未出现该人物,未出现该人物,未出现该人物,未出现该人物,未出现该人物,未出现该人物,未出现该人物,未出现该人物,未出现该人物,未出现该人物,未出现该人物,3,1,未出现该人物,未出现该人物
134,57,1,1,1,1,未出现该人物,1,未出现该人物,2,未出现该人物,13,未出现该人物,未出现该人物,未出现该人物,未出现该人物,未出现该人物,未出现该人物,未出现该人物,未出现该人物,1,未出现该人物,4,未出现该人物,未出现该人物,未出现该人物,未出现该人物,46,未出现该人物,未出现该人物,未出现该人物,未出现该人物,未出现该人物,未出现该人物,4,未出现该人物,未出现该人物,1,未出现该人物,未出现该人物,未出现该人物,8,未出现该人物,未出现该人物,未出现该人物,未出现该人物,2,未出现该人物,未出现该人物,1,未出现该人物,未出现该人物,未出现该人物,未出现该人物,1,未出现该人物,未出现该人物,未出现该人物,未出现该人物,未出现该人物,未出现该人物,未出现该人物,未出现该人物,未出现该人物,未出现该人物,未出现该人物,未出现该人物,未出现该人物,未出现该人物,未出现该人物,未出现该人物,未出现该人物,未出现该人物,未出现该人物,未出现该人物,未出现该人物,未出现该人物,未出现该人物,未出现该人物,未出现该人物,未出现该人物,未出现该人物,未出现该人物,未出现该人物
141,未出现该人物,未出现该人物,未出现该人物,未出现该人物,未出现该人物,4,17,未出现该人物,1,52,2,29,未出现该人物,未出现该人物,未出现该人物,31,1,未出现该人物,未出现该人物,未出现该人物,未出现该人物,58,21,27,未出现该人物,未出现该人物,未出现该人物,未出现该人物,14,18,未出现该人物,未出现该人物,11,未出现该人物,未出现该人物,12,2,未出现该人物,未出现该人物,3,未出现该人物,15,30,5,2,1,未出现该人物,3,1,未出现该人物,未出现该人物,未出现该人物,2,未出现该人物,1,未出现该人物,未出现该人物,未出现该人物,未出现该人物,未出现该人物,未出现该人物,5,未出现该人物,未出现该人物,未出现该人物,未出现该人物,未出现该人物,未出现该人物,未出现该人物,未出现该人物,未出现该人物,未出现该人物,未出现该人物,未出现该人物,未出现该人物,未出现该人物,未出现该人物,未出现该人物,未出现该人物,未出现该人物,未出现该人物,未出现该人物,未出现该人物
97,56,未出现该人物,未出现该人物,未出现该人物,3,未出现该人物,27,未出现该人物,40,1,21,未出现该人物,2,2,4,16,未出现该人物,2,未出现该人物,未出现该人物,1,30,未出现该人物,未出现该人物,1,7,21,1,未出现该人物,未出现该人物,未出现该人物,未出现该人物,4,1,未出现该人物,1,未出现该人物,未出现该人物,7,8,未出现该人物,未出现该人物,未出现该人物,未出现该人物,1,16,未出现该人物,未出现该人物,25,1,未出现该人物,未出现该人物,未出现该人物,未出现该人物,未出现该人物,未出现该人物,未出现该人物,未出现该人物,未出现该人物,未出现该人物,未出现该人物,2,未出现该人物,未出现该人物,未出现该人物,2,未出现该人物,未出现该人物,未出现该人物,未出现该人物,未出现该人物,未出现该人物,未出现该人物,未出现该人物,未出现该人物,未出现该人物,未出现该人物,未出现该人物,未出现该人物,未出现该人物,未出现该人物,未出现该人物,未出现该人物
24,98,14,40,25,未出现该人物,1,96,14,19,未出现该人物,23,9,2,未出现该人物,15,未出现该人物,未出现该人物,7,8,未出现该人物,未出现该人物,未出现该人物,2,5,未出现该人物,11,未出现该人物,未出现该人物,2,2,未出现该人物,未出现该人物,9,1,6,未出现该人物,2,未出现该人物,未出现该人物,未出现该人物,未出现该人物,未出现该人物,未出现该人物,2,未出现该人物,未出现该人物,未出现该人物,未出现该人物,未出现该人物,未出现该人物,未出现该人物,未出现该人物,未出现该人物,1,未出现该人物,1,未出现该人物,1,未出现该人物,未出现该人物,3,未出现该人物,未出现该人物,未出现该人物,未出现该人物,未出现该人物,未出现该人物,未出现该人物,未出现该人物,未出现该人物,未出现该人物,未出现该人物,未出现该人物,未出现该人物,未出现该人物,未出现该人物,未出现该人物,未出现该人物,未出现该人物,未出现该人物,未出现该人物,未出现该人物,未出现该人物
